[
{
    "model": "planner.teamsettings",
    "pk": 1,
    "fields": {
        "name": "Vakantieverhuur",
        "enabled": true,
        "zaken_team_id": 2,
        "fraudprediction_pilot_enabled": false,
        "default_weights": null,
        "fraud_prediction_model": null,
        "top_cases_count": 0,
        "observation_choices": [
            1
        ],
        "suggest_next_visit_choices": [
            1,
            2,
            3,
            4
        ]
    }
},
{
    "model": "planner.teamsettings",
    "pk": 2,
    "fields": {
        "name": "Goed verhuurderschap",
        "enabled": true,
        "zaken_team_id": 8,
        "fraudprediction_pilot_enabled": false,
        "default_weights": null,
        "fraud_prediction_model": null,
        "top_cases_count": 0,
        "observation_choices": [],
        "suggest_next_visit_choices": []
    }
},
{
    "model": "planner.teamsettings",
    "pk": 3,
    "fields": {
        "name": "Kamerverhuur",
        "enabled": true,
        "zaken_team_id": 3,
        "fraudprediction_pilot_enabled": false,
        "default_weights": null,
        "fraud_prediction_model": null,
        "top_cases_count": 0,
        "observation_choices": [
            1
        ],
        "suggest_next_visit_choices": [
            1,
            2,
            3,
            4
        ]
    }
},
{
    "model": "planner.teamsettings",
    "pk": 4,
    "fields": {
        "name": "Leegstand",
        "enabled": true,
        "zaken_team_id": 5,
        "fraudprediction_pilot_enabled": false,
        "default_weights": null,
        "fraud_prediction_model": null,
        "top_cases_count": 0,
        "observation_choices": [],
        "suggest_next_visit_choices": []
    }
},
{
    "model": "planner.teamsettings",
    "pk": 5,
    "fields": {
        "name": "Onderhuur",
        "enabled": true,
        "zaken_team_id": 6,
        "fraudprediction_pilot_enabled": false,
        "default_weights": null,
        "fraud_prediction_model": null,
        "top_cases_count": 0,
        "observation_choices": [],
        "suggest_next_visit_choices": []
    }
},
{
    "model": "planner.teamsettings",
    "pk": 6,
    "fields": {
        "name": "Ondermijning",
        "enabled": true,
        "zaken_team_id": 4,
        "fraudprediction_pilot_enabled": false,
        "default_weights": null,
        "fraud_prediction_model": null,
        "top_cases_count": 0,
        "observation_choices": [],
        "suggest_next_visit_choices": []
    }
},
{
    "model": "planner.teamsettings",
    "pk": 7,
    "fields": {
        "name": "Opkoopbescherming",
        "enabled": true,
        "zaken_team_id": 7,
        "fraudprediction_pilot_enabled": false,
        "default_weights": null,
        "fraud_prediction_model": null,
        "top_cases_count": 0,
        "observation_choices": [],
        "suggest_next_visit_choices": []
    }
},
{
    "model": "planner.postalcoderangeset",
    "pk": 1,
    "fields": {
        "name": "Centrum"
    }
},
{
    "model": "planner.postalcoderangeset",
    "pk": 2,
    "fields": {
        "name": "Nieuw-West"
    }
},
{
    "model": "planner.postalcoderangeset",
    "pk": 3,
    "fields": {
        "name": "Noord"
    }
},
{
    "model": "planner.postalcoderangeset",
    "pk": 4,
    "fields": {
        "name": "Oost"
    }
},
{
    "model": "planner.postalcoderangeset",
    "pk": 5,
    "fields": {
        "name": "Weesp"
    }
},
{
    "model": "planner.postalcoderangeset",
    "pk": 6,
    "fields": {
        "name": "West"
    }
},
{
    "model": "planner.postalcoderangeset",
    "pk": 7,
    "fields": {
        "name": "Westpoort"
    }
},
{
    "model": "planner.postalcoderangeset",
    "pk": 8,
    "fields": {
        "name": "Zuid"
    }
},
{
    "model": "planner.postalcoderangeset",
    "pk": 9,
    "fields": {
        "name": "Zuidoost"
    }
},
{
    "model": "planner.postalcoderange",
    "pk": 1,
    "fields": {
        "range_start": 1011,
        "range_end": 1019,
        "postal_code_range_set": 1
    }
},
{
    "model": "planner.postalcoderange",
    "pk": 2,
    "fields": {
        "range_start": 1043,
        "range_end": 1043,
        "postal_code_range_set": 2
    }
},
{
    "model": "planner.postalcoderange",
    "pk": 3,
    "fields": {
        "range_start": 1046,
        "range_end": 1047,
        "postal_code_range_set": 2
    }
},
{
    "model": "planner.postalcoderange",
    "pk": 4,
    "fields": {
        "range_start": 1057,
        "range_end": 1069,
        "postal_code_range_set": 2
    }
},
{
    "model": "planner.postalcoderange",
    "pk": 5,
    "fields": {
        "range_start": 1021,
        "range_end": 1028,
        "postal_code_range_set": 3
    }
},
{
    "model": "planner.postalcoderange",
    "pk": 6,
    "fields": {
        "range_start": 1031,
        "range_end": 1037,
        "postal_code_range_set": 3
    }
},
{
    "model": "planner.postalcoderange",
    "pk": 7,
    "fields": {
        "range_start": 1019,
        "range_end": 1019,
        "postal_code_range_set": 4
    }
},
{
    "model": "planner.postalcoderange",
    "pk": 8,
    "fields": {
        "range_start": 1086,
        "range_end": 1087,
        "postal_code_range_set": 4
    }
},
{
    "model": "planner.postalcoderange",
    "pk": 9,
    "fields": {
        "range_start": 1091,
        "range_end": 1098,
        "postal_code_range_set": 4
    }
},
{
    "model": "planner.postalcoderange",
    "pk": 10,
    "fields": {
        "range_start": 1380,
        "range_end": 1384,
        "postal_code_range_set": 5
    }
},
{
    "model": "planner.postalcoderange",
    "pk": 11,
    "fields": {
        "range_start": 1013,
        "range_end": 1015,
        "postal_code_range_set": 6
    }
},
{
    "model": "planner.postalcoderange",
    "pk": 12,
    "fields": {
        "range_start": 1051,
        "range_end": 1058,
        "postal_code_range_set": 6
    }
},
{
    "model": "planner.postalcoderange",
    "pk": 13,
    "fields": {
        "range_start": 1061,
        "range_end": 1061,
        "postal_code_range_set": 6
    }
},
{
    "model": "planner.postalcoderange",
    "pk": 14,
    "fields": {
        "range_start": 1071,
        "range_end": 1071,
        "postal_code_range_set": 6
    }
},
{
    "model": "planner.postalcoderange",
    "pk": 15,
    "fields": {
        "range_start": 1075,
        "range_end": 1075,
        "postal_code_range_set": 6
    }
},
{
    "model": "planner.postalcoderange",
    "pk": 16,
    "fields": {
        "range_start": 1098,
        "range_end": 1098,
        "postal_code_range_set": 6
    }
},
{
    "model": "planner.postalcoderange",
    "pk": 17,
    "fields": {
        "range_start": 1013,
        "range_end": 1014,
        "postal_code_range_set": 7
    }
},
{
    "model": "planner.postalcoderange",
    "pk": 18,
    "fields": {
        "range_start": 1041,
        "range_end": 1047,
        "postal_code_range_set": 7
    }
},
{
    "model": "planner.postalcoderange",
    "pk": 19,
    "fields": {
        "range_start": 1058,
        "range_end": 1059,
        "postal_code_range_set": 8
    }
},
{
    "model": "planner.postalcoderange",
    "pk": 20,
    "fields": {
        "range_start": 1071,
        "range_end": 1079,
        "postal_code_range_set": 8
    }
},
{
    "model": "planner.postalcoderange",
    "pk": 21,
    "fields": {
        "range_start": 1081,
        "range_end": 1083,
        "postal_code_range_set": 8
    }
},
{
    "model": "planner.postalcoderange",
    "pk": 22,
    "fields": {
        "range_start": 1101,
        "range_end": 1109,
        "postal_code_range_set": 9
    }
},
{
    "model": "visits.situation",
    "pk": 1,
    "fields": {
        "value": "nobody_present",
        "verbose": "Niemand aanwezig",
        "position": 0.0
    }
},
{
    "model": "visits.situation",
    "pk": 2,
    "fields": {
        "value": "no_cooperation",
        "verbose": "Geen medewerking",
        "position": 0.5
    }
},
{
    "model": "visits.situation",
    "pk": 3,
    "fields": {
        "value": "access_granted",
        "verbose": "Toegang verleend",
        "position": 0.8
    }
},
{
    "model": "visits.observation",
    "pk": 1,
    "fields": {
        "value": "malfunctioning_doorbell",
        "verbose": "Bel functioneert niet",
        "position": 0.3
    }
},
{
    "model": "visits.suggestnextvisit",
    "pk": 1,
    "fields": {
        "value": "daytime",
        "verbose": "Overdag",
        "position": 0.0
    }
},
{
    "model": "visits.suggestnextvisit",
    "pk": 2,
    "fields": {
        "value": "weekend",
        "verbose": "Weekend",
        "position": 0.3
    }
},
{
    "model": "visits.suggestnextvisit",
    "pk": 3,
    "fields": {
        "value": "evening",
        "verbose": "'s Avonds",
        "position": 0.5
    }
},
{
    "model": "visits.suggestnextvisit",
    "pk": 4,
    "fields": {
        "value": "unknown",
        "verbose": "Niet meer uitzetten",
        "position": 0.7
    }
}
]
